strongs_id,definition,short_def,etymology
H1,"1) father of an individual
2) of God as father of his people
3) head or founder of a household, group, family, or clan
4) ancestor
4a) grandfather, forefathers ÔÇö of person
4b) of people
5) originator or patron of a class, profession, or art
6) of producer, generator (fig.)
7) of benevolence and protection (fig.)
8) term of respect and honour
9) ruler or chief (spec.)","father, in a literal and immediate, or figurative and remote application",a primitive word;
H2,1) father,{father},(Aramaic) corresponding to
H3,"1) freshness, fresh green, green shoots, or greenery",a green plant,from the same as ;
H4,"1) fruit, fresh, young, greening",{a green plant},(Aramaic) corresponding to
H5,"Abagtha = ""God-given""
1) one of the seven eunuchs in the Persian court of Ahasuerus","Abagtha, a eunuch of Xerxes",of foreign origin;
H6,"1) perish, vanish, go astray, be destroyed
1a) (Qal)
1a1) perish, die, be exterminated
1a2) perish, vanish (fig.)
1a3) be lost, strayed
1b) (Piel)
1b1) to destroy, kill, cause to perish, to give up (as lost), exterminate
1b2) to blot out, do away with, cause to vanish, (fig.)
1b3) cause to stray, lose
1c) (Hiphil)
1c1) to destroy, put to death
1c1a) of divine judgment
1c2) object name of kings (fig.)","properly, to wander away, i.e. lose oneself; by implication to perish (causative, destroy)",a primitive root;
H7,"1) to perish, vanish
1a) (P'al) shall perish
1b) (Aphel) destroy
1c) (Hophal) be destroyed","{properly, to wander away, i.e. lose oneself; by implication to perish (causative, destroy)}",(Aramaic) corresponding to
H8,1) destruction,(concrete) wretched or (abstract) destruction,active of participle of ;
H9,"1) a lost thing, something lost","concrete, something lost; abstract, destruction, i.e. Hades",from ; Compare .
H10,"1) a lost thing, something lost, a perishing",a perishing,"the same as , miswritten for ;"
H11,"1) place of destruction, destruction, ruin, Abaddon","abstract, a perishing; concrete, Hades",intensive from ;
H12,1) destruction,a perishing,from ;
H13,1) destruction,a perishing,from ;
H14,"1) to be willing, consent
1a) (Qal)
1a1) to be willing
1a2) to consent, yield to, accept
1a3) to desire","to breathe after, i.e. (figuratively) to be acquiescent",a primitive root;
H15,"1) entreat, longing, desire",longing,from ;
H16,"1) reed, papyrus
++++
Probably ships made of reeds or papyrus were the clipper sailing ships of those days because of their speed.",the papyrus,from (in the sense of bending toward);
H17,"1) Oh!, Woe!, (exclamation of pain ÔÇö indicates desire or uneasiness)",want,from (in the sense of desiring);
H18,"1) crib, manger, feeding trough",a manger or stall,from ;
H19,"1) slaughter, flesh, meat, slaughtered meat",brandishing of a sword,from an unused root (apparently meaning to turn);
H20,"1) watermelon, Egyptian fruit",a melon (only plural),of uncertain derivation;
H21,"Abi = ""my father""
1) mother of Hezekiah (cf H029)","Abi, Hezekiah's mother",from ; fatherly;
H22,"Abiel = ""El (God) is (my) father""
1) Saul's grandfather","Abiel, the name of two Israelites",from and ; father (i.e. possessor) of God;
H23,"Abiasaph = ""my father has gathered""
1) son (descendant) of Korah","Abiasaph, an Israelite",from and ; father of gathering (i.e. gatherer);
H24,"1) fresh, young barley ears, barley
2) month of ear-forming, of greening of crop, of growing green Abib, month of exodus and passover (March or April)","green, i.e. a young ear of grain; hence, the name of the month Abib or Nisan",from an unused root (meaning to be tender);
H25,"Abi Gibon = ""father of Gibeon""
1) site of great Bamah, location of the tabernacle of the Lord in the high place","Abi-Gibon, perhaps an Israelite",from and ; father (i.e. founder) of Gibon;
H26,"Abigail = ""my father is joy""
1) wife of Nabal, then of David
2) sister of David","Abigail or Abigal, the name of two Israelitesses",or shorter ; from and ; father (i.e. source) of joy;
H27,"Abidan = ""my father is judge""
1) a prince (ruler) of Benjamin","Abidan, an Israelite",from and ; father of judgment (i.e. judge);
H28,"Abida or Abidah = ""my father knows""
1) fourth son of Midian and grandson of Abraham by his wife Keturah (after Sarah died)","Abida, a son of Abraham by Keturah",from and ; father of knowledge (i.e. knowing);
H29,"Abia or Abiah or Abijah = ""Jehovah is (my) father""
1) king of Judah, son and successor of Rehoboam
2) second son of Samuel
3) son of Jeroboam the first, king of Israel
4) son of Becher, a Benjamite
5) head of a priestly house (one of the 24 Levite groups)
6) head of a priestly house (after the exile)
7) wife of Hezron
8) mother of Hezekiah (cf H021)","Abijah, the name of several Israelite men and two Israelitesses",or prolonged ; from and ; father (i.e. worshipper) of Jah;
H30,"Abihu = ""he is (my) father""
1) a son of Aaron destroyed for sacrificing strange fire to God","Abihu, a son of Aaron",from and ; father (i.e. worshipper) of Him (i.e. God);
H31,"Abihud = ""my father is majesty""
1) son of Bela, a Benjamite","Abihud, the name of two Israelites",from and ; father (i.e. possessor) of renown;
H32,"Abihail = ""my father is might""
1) a Levite in Moses's time
2) a Gadite
3) father of Esther
4) wife of Abishur
5) wife of Rehoboam","Abihail or Abichail, the name of three Israelites and two Israelitesses",or (more correctly) ; from and ; father (i.e. possessor) of might;
H33,"Abiezrite = ""my father is help""
1) one of the family of Abiezer, a descendant of Joseph's son, Manasseh",an Abiezrite or descendant of Abiezer,from with the article inserted; father of the Ezrite;
H34,"1) in want, needy, chiefly poor, needy person
2) subject to oppression and abuse
3) needing help, deliverance from trouble, especially as delivered by God
4) general reference to lowest class",destitute,"from , in the sense of want (especially in feeling);"
H35,1) caper-berry-of stimulating desire,provocative of desire; the caper berry (from its stimulative taste),from ;
H36,"Abitub = ""my father is good(ness)""
1) son of Shaharaim, a Benjamite","Abitub, an Israelite",from and ; father of goodness (i.e. good);
H37,"Abital = ""my father is (the) dew""
1) a wife of David","Abital, a wife of King David",from and ; father of dew (i.e. fresh);
H38,"Abijam = ""my father is the sea"" or ""Yah(u) is (my) father""
1) king of Judah, son and successor of Rehoboam","Abijam (or Abijah), a king of Judah",from and ; father of (the) sea (i.e. seaman);
H39,"Abimael = ""my father is El (God)""
1) son of Joktan, descendant of Shem","Abimael, a son of Joktan",from and an elsewhere unused (probably foreign) word; father of Mael (apparently some Arab tribe);
H40,"Abimelech = ""Melek is father"" or ""my father is king""
1) king of Gerar in Abraham's time
2) king of Gath in David's time; maybe title of Philistine kings
3) son of Gideon by a concubine
4) priest, son of Abiathar","Abimelek, the name of two Philistine kings and of two Israelites",from and ; father of (the) king;
H41,"Abinadab = ""my father is noble"" or ""my father is willing""
1) a man of Gibeah who sheltered the ark
2) second son of Jesse, David's older brother
3) a son of Saul, slain with him by the Philistines","Abinadab, the name of four Israelites",from and ; father of generosity (i.e. liberal);
H42,"Abinoam = ""my father is delight""
1) father of Barak, descendant of Naphtali","Abinoam, an Israelite",from and ; father of pleasantness (i.e. gracious);
H43,"Ebiasaph = ""my father has gathered""
1) a son or descendant of Korah","Ebjasaph, an Israelite",contracted from ;
H44,"Abiezer = ""my father is help""
1) a Manassite, called ""son"" of Gilead, also son of Gilead's sister
2) a Benjamite, warrior of David","Abiezer, the name of two Israelites",from and ; father of help (i.e. helpful);
H45,"Abialbon = ""El (God) is my father""
1) one of David's mighty men (hero)","Abialbon, an Israelite","from and an unused root of uncertain derivation; probably, father of strength (i.e. valiant);"
H46,"1) strong, mighty-used only to describe God
2) the Strong-old name for God (poetic)",mighty (spoken of God),from ;
H47,"1) mighty, valiant
1a) of men
1b) of angels
1c) of animals
1d) (metaph)
1d1) of enemies
1d2) of princes
1d3) of sacrificial objects
1e) obstinate (fig.)",{mighty (spoken of God)},for
H48,"Abiram = ""my father is exalted"" or ""(the) Exalted One is (my) father""
1) a Reubenite, son of Eliab in exodus
2) son of Hiel the Bethelite who worked to rebuild Jericho","Abiram, the name of two Israelites",from and ; father of height (i.e. lofty);
H49,"Abishag = ""my father is a wanderer""
1) David's beautiful young nurse","Abishag, a concubine of David",from and ; father of error (i.e. blundering);
H50,"Abishua = ""my father is rescue (safety), or is opulence""
1) son of Phinehas, grandson of Aaron","Abishua, the name of two Israelites",from and ; father of plenty (i.e. prosperous);
H51,"Abishur = ""my father is a wall""
1) son of Shammai, descendant of Judah","Abishur, an Israelite",from and ; father of (the) wall (i.e. perhaps mason);
H52,"Abishai = ""my father is Jesse"" or ""my father is a gift""
1) grandson of Jesse, nephew of David via his sister Zeruiah, brother of Joab","Abishai, an Israelite",or (shorter) ; from and ; father of a gift (i.e. probably generous);
H53,"Absalom or Abishalom = ""my father is peace""
1) father-in-law of Rehoboam
2) third son of David, killer of first-born son Amnon, also leader of revolt against his father-David","Abshalom, a son of David; also (the fuller form) a later Israelite",or (shortened) ; from and ; father of peace (i.e. friendly);
H54,"Abiathar = ""my father is great""
1) priest, son of Ahitub (Ahimelech), faithful to David, but later rebelled with Adonijah","Ebjathar, an Israelite",contracted from and ; father of abundance (i.e. liberal);
H55,"1) to roll, turn
1a) (Hithpael) to roll, roll up, billow",probably to coil upward,a primitive root;
H56,"1) to mourn, lament
1a) (Qal) to mourn, lament
1a1) of humans
1a2) of inanimate objects (fig.)
1a2a) of gates
1a2b) of land
1b) (Hiphil)
1b1) to mourn, cause to mourn (fig.)
1c) (Hithpael)
1c1) to mourn
1c2) play the mourner",to bewail,a primitive root;
H57,"1) mourning
1a) for the dead
1b) because of calamity
1c) of rites of mourning
2) mourner (subst.)
2a) for the dead
2b) for calamity",lamenting,from ;
H58,"1) meadow (from verb-to grow green, to withstand)",a meadow,from an unused root (meaning to be grassy);
H59,"1) city in northern Israel near Bethmaachah
2) the place where the ark rested in the field of Joshua at Bethshemesh","Abel, the name of two places in Palestine.",from ; a meadow;
H60,"1) mourning
1a) for the dead
1b) for rites of mourning (metaph)
1c) mourning garb
1d) period of mourning",lamentation,from ;
H61,"1) truly, verily, surely
2) but, however, howbeit
3) contrariwise, nay rather (neg.)","nay, i.e. truly or yet",apparently from through the idea of negation;
H62,"Abel Beth Maachah = ""meadow of the house of Maachah""
1) city in northern Israel near Beth Maachah","Abel of Beth-maakah, a place in Palestine",from and and ; meadow of Beth-Maakah;
H63,"Abel Shittim = ""meadow of acacias""
1) place in lowlands of Moab","Abel hash-Shittim, a place in Palestine","from and the plural of , with the article inserted; meadow of the acacias;"
H64,"Abel Keramim = ""meadow of the vineyards""
1) a place in Ammon","Abel-Keramim, a place in Palestine",from and the plural of ; meadow of vineyards;
H65,"Abel Meholah = ""meadow of dancing""
1) a city of Issachar, birthplace of Elisha","Abel-Mecholah, a place in Palestine",from and xlit mßÁëch├┤wl├óh corrected to mßÁëch├┤l├óh; meadow of dancing;
H66,"Abel Maim = ""meadow of waters""
1) a city in northern Israel (perhaps Abel Beth Maachah)","Abel-Majim, a place in Palestine",from and ; meadow of water;
H67,"Abel Mizraim = ""meadow of Egypt""
1) a place east of the Jordan (perhaps ""as fertile as Egypt"")","Abel-Mitsrajim, a place in Palestine",from and ; meadow of Egypt;
H68,"1) stone (large or small)
1a) common stone (in natural state)
1b) stone, as material
1b1) of tablets
1b2) marble, hewn stones
1c) precious stones, stones of fire
1d) stones containing metal (ore), tool for work or weapon
1e) weight
1f) plummet (stones of destruction) also made of metal
1g) stonelike objects, eg hailstones, stony heart, ice
1h) sacred object, as memorial Samuel set up to mark where God helped Israel to defeat the Philistines
1i) (simile)
1i1) sinking in water, motionlessness
1i2) strength, firmness, solidity
1i3) commonness
1j) (metaph)
1j1) petrified with terror
1j2) perverse, hard heart",a stone,from the root of through the meaning to build;
H69,"1) stone
1a) a (the) stone
1b) stone, material of idols and buildings",{a stone},(Aramaic) corresponding to
H70,"1) wheel, disc
1a) potter's wheel
1b) bearing-stool, midwife's stool",a pair of stones (only dual); a potter's wheel or a midwife's stool (consisting alike of two horizontal disks with a support between),from the same as ;
H71,"1) river Abana, Syrian river flowing through Damascus","Abanah, a river near Damascus",perhaps feminine of ; stony; Compare .
H72,"Ebenezer = ""stone of help""
1) memorial stone erected by Samuel to mark where God helped Israel to defeat the Philistines-north of Jerusalem","Eben-ha-Ezer, a place in Palestine",from and with the article inserted; stone of the help;
H73,"1) girdle, sash, waistband
1a) of high priest
1b) of other priests
1c) of high official",a belt,of uncertain derivation;
H74,"Abner = ""my father is a lamp""
1) Saul's cousin and army captain, treacherously slain by Joab","Abner, an Israelite",or (fully) ; from and ; father of light (i.e. enlightening);
H75,"1) to feed, fatten
1a) (Qal) fattened (passive participle)",to fodder,a primitive root;
H76,"1) blisters, boils (from root, to swell up)",an inflammatory pustule (as eruption),(by reduplication) from an unused root (meaning to belch forth);
H77,"Abez = ""I will make white (or miry)""
1) a city in Issachar","Ebets, a place in Palestine",from an unused root probably meaning to gleam; conspicuous;
H78,"Ibzan, ""their whiteness (literally their tin ÔÇö as white""
1) a Bethlehemite judge in time of the judges","Ibtsan, an Israelite",from the same as ; splendid;
H79,"1) (Niphal) to wrestle, grapple (get dusty), bedust","to bedust, i.e. grapple","a primitive root, probably to float away (as vapor), but used only as denominative from ;"
H80,"1) dust
1a) on ground
1b) clouds (fig.)",light particles (as volatile),from root of ;
H81,"1) aromatic powders, powder",{light particles (as volatile)},feminine of
H82,1) (Hiphil) to fly (to move wings),to soar,a primitive root;
H83,"1) pinion, wing
1a) of bird (dove, eagle)
1b) of Babylonian king (fig.)",a pinion,from ;
H84,"1) pinion, wing
1a) of bird (ostrich, eagle, dove)
1b) of God (metaph)",{a pinion},feminine of
H85,"Abraham = ""father of a multitude"" or ""chief of multitude""
1) friend of God and founder of Hebrew nation via God's elective covenant","Abraham, the later name of Abram",contracted from and an unused root (probably meaning to be populous); father of a multitude;
H86,"1) (meaning dubious) -a shout made to announce Joseph's chariot
1a) command
1b) bow",kneel,probably an Egyptian word meaning
H87,"Abram = ""exalted father""
1) original name of Abraham","Abram, the original name of Abraham",contracted from ; high father;
H88,"Oboth = ""waterskins""
1) undetermined site of an Israelite camp in the wilderness (perhaps at east boundary of Moab)","Oboth, a place in the Desert",plural of ; water-skins;
H89,"Agee = ""I shall increase""
1) father of a warrior of David","Age, an Israelite",of uncertain derivation (compare );
H90,"Agag = ""I will overtop""
1) king of Amalek, spared by Saul but slain by Samuel","Agag, a title of Amalekitish kings",or ; of uncertain derivation (compare ); flame;
H91,"Agagite = ""I will overtop""
1) said of Haman, Haman the Agagite",an Agagite or descendent (subject) of Agag,patrial or patronymic from ;
H92,"1) band, binding
1a) cords, bands, thongs (metaphorical of slavery)
1b) bunch of hyssop
1c) band of men, troops
1d) vault (of the heavens), firmament (binding earth to the heavens)","a band, bundle, knot, or arch",feminine passive participle of an unused root (meaning to bind);
H93,1) nuts,a nut,prob of Persian origin;
H94,"Agur = ""gathered""
1) son of Jakeh, an author or compiler of Pr 30:1-33","Agur, a fanciful name for Solomon",passive participle of ; gathered (i.e. received among the sages);
H95,"1) payment, piece, coin","properly, something gathered, i.e. perhaps a grain or berry; used only of a small (silver) coin",from the same as ;
H96,"1) drop, reserve supply, collections, stores",a reservoir,from an unused root (meaning to flow down or together as drops);
H97,"Eglaim = ""double reservoir""
1) a town in Moab","Eglajim, a place in Moab",dual of .; a double pond;
H98,"1) pool, troubled pool
1a) troubled or muddy (gloomy) pools, marshes
1b) any pool, pond
1c) swamp reeds, reeds, rush(es)",a marsh; hence a rush (as growing in swamps); hence a stockade of reeds,from an unused root (meaning to collect as water);
H99,1) stagnant pond,"figuratively, sad",probably from the same as (in the sense of stagnant water);
H100,"1) rush, bulrush
1a) used as cord or line (of twisted rushes or spun of rush fibre)
1b) of the lowly, insignificant (metaph)
2) sad, drooping
1a) of line of bulrushes
1b) bowing of the head (fig.)
1c) of the lowly (metaph)",a bulrush (as growing there); collectively a rope of bulrushes,"from the same as ; a marshy pool (others from a different root, a kettle); by implication"
H101,"1) bowl, basins
1a) basins used in ritual
1b) human body (metaph), curves of the body (simile)
1c) of family of Eliakim (metaph)",a bowl (as pounded out hollow),probably from ;
H102,"1) wing (of an army), band, army, hordes","(only plural) wings of an army, or crowds of troops",probably from (through the idea of impending); a cover or heap; i.e.
H103,"1) to gather
1a) (Qal) to gather",to harvest,a primitive root;
H104,"1) letter, missive (Aramaic loan-word used in last OT books)",an epistle (as carried by a state courier or postman),(Aramaic) of Persian origin;
H105,"1) vessel, basket, leather bag, basin",a basin,of uncertain derivation;
H106,1) fist,the clenched hand,from (in the sense of grasping);
H107,"1) letter, missive",an epistle,feminine of ;
H108,1) mist,a fog,from the same as (in the sense of enveloping);
H109,"1) to grieve, cause grief
1a) (Hiph) to cause to grieve, to grieve, to cause grief",to languish,a primitive root;
H110,"Adbeel = ""chastened of God""
1) third son of Ishmael and grandson of Abraham","Adbeel, a son of Ishmael",probably from (in the sense of chastisement) and ; disciplined of God;
H111,"Hadad = ""I shall move softly: I shall love""
1) an Edomite enemy God raised up to punish Solomon for his sins","Adad (or Hadad), an Edomite",probably an orthographical variation for ;
H112,"Iddo = ""I will praise him""
1) a chief Israelite during resettlement","Iddo, an Israelite",of uncertain derivation;
H113,"1) firm, strong, lord, master
1a) lord, master
1a1) reference to men
1a1a) superintendent of household, of affairs
1a1b) master
1a1c) king
1a2) reference to God
1a2a) the Lord God
1a2b) Lord of the whole earth
1b) lords, kings
1b1) reference to men
1b1a) proprietor of hill of Samaria
1b1b) master
1b1c) husband
1b1d) prophet
1b1e) governor
1b1f) prince
1b1g) king
1b2) reference to God
1b2a) Lord of lords (probably = ""thy husband, Yahweh"")
1c) my lord, my master
1c1) reference to men
1c1a) master
1c1b) husband
1c1c) prophet
1c1d) prince
1c1e) king
1c1f) father
1c1g) Moses
1c1h) priest
1c1i) theophanic angel
1c1j) captain
1c1k) general recognition of superiority
1c2) reference to God
1c2a) my Lord, my Lord and my God
1c2b) Adonai (parallel with Yahweh)","sovereign, i.e. controller (human or divine)",or (shortened) ; from an unused root (meaning to rule);
H114,"Addon = ""powerful""
1) an Israelite?","Addon, apparently an Israelite",probably intensive for ; powerful;
H115,"Adoraim = ""double glory""
1) city in Judah fortified by Rehoboam about 5 miles or 8 km SW of Hebron","Adorajim, a place in Palestine",dual from (in the sense of eminence); double mound;
H116,"1) then, afterwards, thereupon, from that time",then (of time),(Aramaic) of uncertain derivation;
H117,"1) great, majestic
1a) of waters of sea
1b) of a tree
1c) of kings, nations, gods
2) great one, majestic one
2a) of nobles, chieftains, servants","wide or (generally) large; figuratively, powerful",from ;
H118,"Adalia = ""I shall be drawn up of Jah""
1) fifth son of Haman, executed at same time","Adalja, a son of Haman",of Persian derivation;
H119,"1) to be red, red
1a) (Qal) ruddy (of Nazarites)
1b) (Pual)
1b1) to be rubbed red
1b2) dyed red
1b3) reddened
1c) (Hiphil)
1c1) to cause to show red
1c2) to glare
1c3) to emit (show) redness
1d) (Hithpael)
1d1) to redden
1d2) to grow red
1d3) to look red",flush or turn rosy,"to show blood (in the face), i.e."
H120,"1) man, mankind
1a) man, human being
1b) man, mankind (much more frequently intended sense in OT)
1c) Adam, first man
1d) city in Jordan valley","ruddy i.e. a human being (an individual or the species, mankind, etc.)",from ;
H121,"Adam = ""red""
1) first man
2) city in Jordan valley","Adam the name of the first man, also of a place in Palestine",the same as ;
H122,"1) red, ruddy (of man, horse, heifer, garment, water, lentils)",rosy,from ;
H123,"Edom = ""red""
1) Edom
2) Edomite, Idumean-descendants of Esau
3) land of Edom, Idumea-land south and south east of Palestine","Edom, the elder twin-brother of Jacob; hence the region (Idumaea) occupied by him",or (fully) ; from ; red (see Genesis 25:25);
H124,"1) ruby, carnelian (redness)
1a) precious stone","redness, i.e. the ruby, garnet, or some other red gem",from ;
H125,"1) reddish, be reddish",reddish,reduplicated from ;
H126,"Admah = ""red earth""
1) city in the Siddim valley","Admah, a place near the Dead Sea",contracted for ; earthy;
H127,"1) ground, land
1a) ground (as general, tilled, yielding sustenance)
1b) piece of ground, a specific plot of land
1c) earth substance (for building or constructing)
1d) ground as earth's visible surface
1e) land, territory, country
1f) whole inhabited earth
1g) city in Naphtali",soil (from its general redness),from ;
H128,"Adamah = ""the earth""
1) city in Naphtali","Adamah, a place in Palestine",the same as ;
H129,"Adami = ""man of Adar""
1) a pass or fortified place in Naphtali","Adami, a place in Palestine",from ; earthy;
H130,1) Edomite,"an Edomite, or descendants from (or inhabitants of) Edom",or (fully) ; patronymic from ; See .
H131,"Adummim = ""ruddy one: quieted ones?""
1) pass or ridge of hills, west of Gilgal","Adummim, a pass in Palestine",plural of ; red spots;
H132,"1) red, ruddy (of Esau as infant)",reddish (of the hair or the complexion),or (fully) ; from ;
H133,"Admatha = ""a testimony to them""
1) prince of Persia in reign of Ahasuerus (Xerxes)","Admatha, a Persian nobleman",probably of Persian derivation;
H134,"1) base, pedestal, socket (strong, firm)
1a) pedestals of gold on which marble pillars were set
1b) pedestals of the earth, foundation of the earth
1c) pedestals, bases, or sockets on which tabernacle stood","a basis (of a building, a column, etc.)",from the same as (in the sense of strength);
H135,"Addan = ""strong, firm""
1) place in Babylon, from which exiles returned","Addan, an Israelite",intensive from the same as ; firm;
H136,"1) my lord, lord
1a) of men
1b) of God
2) Lord-title, spoken in place of Yahweh in Jewish display of reverence",the Lord (used as a proper name of God only),an emphatic form of ;
H137,"Adoni-Bezek = ""my lord is Besek""
1) king of the Canaanite city of Bezek, killed by Israelites",Adoni-Bezek; a Canaanitish king,from and ; lord of Bezek;
H138,"Adonijah = ""my lord is Jehovah""
1) fourth son of David and Solomon's rival for the throne
2) Levite sent by Jehoshaphat to teach the Law
3) a chief of the people who co-operated with Nehemiah","Adonijah, the name of three Israelites",original (prolonged) ; from and ; lord (i.e. worshipper) of Jah;
H139,"Adoni-zedek = ""my lord is righteous""
1) Canaanite king slain by Joshua","Adoni-Tsedek, a Canaanitish king",from and ; lord of justice;
H140,"Adonikam = ""my lord arose""
1) the head of an Israelite clan who returned from exile","Adonikam, the name of one or two Israelites",from and ; lord of rising (i.e. high);
H141,"Adoniram = ""my lord is exalted""
1) one of Solomon's officers","Adoniram, an Israelite",from and ; lord of height;
H142,"1) to be great, be majestic, wide, noble (poetic)
1a) (Niphal) majestic, glorious (participle)
1b) (Hiphil) make glorious","to expand, i.e. be great or (figuratively) magnificent",a primitive root;
H143,"Adar = ""glorious""
1) twelfth month, corresponding to modern March-April","Adar, the 12th Hebrew month",probably of foreign derivation; perhaps meaning fire;
H144,"Adar = ""glorious""
1) twelfth month, corresponding to modern March or April","{Adar, the 12th Hebrew month}",(Aramaic) corresponding to
H145,"1) glory, magnificence
2) mantle, cloak (as wide)","amplitude, i.e. (concrete) a mantle; also (figuratively) splendor",from ;
H146,"Addar or Adar = ""exceeding glorious""
1) son of Bela and Benjamin's grandson
2) city in Judah near Edom","Addar, a place in Palestine; also an Israelite",intensive from ; ample;
H147,1) threshing floor,"ample, i.e. a threshing-floor","(Aramaic) intensive, from a root corresponding to ;"
H148,"1) judge (diviner), counsellor","a chief diviner, or astrologer","(Aramaic) from the same as , and ;"
H149,"1) correctly, exactly, diligently, earnestly",quickly or carefully,(Aramaic) probably of Persian origin;
H150,"1) drachma, dram, daric-unit of weight and value (of gold, money) equal to 128 grains or 4.32 grams",a daric or Persian coin,of Persian origin;
H151,"Adoram = ""my lord is exalted""
1) an officer of David
2) an officer of Rehoboam","Adoram (or Adoniram), an Israelite",contracted for ;
H152,"Adrammelech = ""honour of the king"" or ""Adar is prince"" or ""Adar is Counsellor, Decider""
1) an idol or god of the Sepharvites, introduced to Israel by Shalmaneser the fifth
2) the son and murderer of Sennacherib","Adrammelek, the name of an Assyrian idol, also of a son of Sennacherib",from and ; splendor of (the) king;
H153,"1) strong, force, arm, power","an arm, i.e. (figuratively) power",(Aramaic) an orthographical variation for ;
H154,"Edrei = ""goodly pasture""
1) a chief city of Bashan, north of Jabbok river","Edrei, the name of two places in Palestine",from the equivalent of ; mighty;
H155,"1) glory, cloak
1a) glory, splendour, magnificence (of a vine, shepherds)
1b) mantle, cloak made of fur or fine material
1b1) prophet's garment","something ample (as a large vine, a wide dress)",feminine of ; ; also the same as
H156,"1) (Qal) to tread, tread on, thresh, trample on",to tread out (grain),a primitive root;
H157,"1) to love
1a) (Qal)
1a1) human love for another, includes family, and sexual
1a2) human appetite for objects such as food, drink, sleep, wisdom
1a3) human love for or to God
1a4) act of being a friend
1a4a) lover (participle)
1a4b) friend (participle)
1a5) God's love toward man
1a5a) to individual men
1a5b) to people Israel
1a5c) to righteousness
1b) (Niphal)
1b1) lovely (participle)
1b2) loveable (participle)
1c) (Piel)
1c1) friends
1c2) lovers (fig. of adulterers)
2) to like",to have affection for (sexually or otherwise),or ; a primitive root;
H158,"1) loves, amours (only in plural) ahbym
2) (TWOT) love",affection (in a good or a bad sense),from ;
H159,"1) loved object
2) (TWOT) love",{affection (in a good or a bad sense)},from ; meaning the same as
H160,"1) love
1a) human love for human object
1a1) of man toward man
1a2) of man toward himself
1a3) between man and woman
1a4) sexual desire
2) God's love to His people",{affection (in a good or a bad sense)},feminine of and meaning the same
H161,"Ohad = ""united""
1) son of Simeon and grandson of Jacob","Ohad, an Israelite",from an unused root meaning to be united; unity;
H162,"1) alas!, oh!, ah!",Oh!,apparently a primitive word expressing pain exclamatorily;
H163,"Ahava = ""I shall subsist""
1) town or area in Babylonia","Ahava, a river of Babylonia",probably of foreign origin;
H164,"Ehud = ""I will give thanks: I will be praised"" or ""undivided, union"" in (1Ch. 8:6) only
1) Benjamite judge of Israel, deliverer of Israel from Moab
2) another Benjamite, son of Bilhan (1Ch 8:6)","Ehud, the name of two or three Israelites",from the same as ; united;
H165,1) where,where,apparently an orthographical variation for ;
H166,"1) (Hiphil) to be clear, shine",to be clear,a primitive root;
H167,"1) to pitch a tent, to move a tent
1a) (Qal) pitch or remove a tent
1a) (Piel) to pitch one's tent",to tent,a denominative from ;
H168,"1) tent
1a) nomad's tent, and thus symbolic of wilderness life, transience
1b) dwelling, home, habitation
1c) the sacred tent of Jehovah (the tabernacle)",a tent (as clearly conspicuous from a distance),from ;
H169,"Ohel = ""tent""
1) son of Zerubbabel","Ohel, an Israelite",the same as ;
H170,"Aholah = ""her own tent""
1) Samaria as an adulteress with Assyria (metaph)","Oholah, a symbolic name for Samaria","in form a feminine of , but in fact for ; from ; her tent (i.e. idolatrous sanctuary);"
H171,"Aholiab = ""Father's tent""
1) chief assistant of Bezaleel in construction of the tabernacle","Oholiab, an Israelite",from and ; tent of (his) father;
H172,"Aholibah = ""woman of the tent"" or ""the tent is in her""
1) (metaph) Jerusalem as adulterous wife of Jehovah","Oholibah, a symbolic name for Judah",(similarly with ) for ; from ; my tent (is) in her;
H173,"Aholibamah = ""tent of the high place""
1) wife of Esau
2) an Edomite chieftain","Oholibamah, a wife of Esau",from and ; tent of (the) height;
H174,"1) aloes, aloe tree
1a) aloe tree
1b) aloe (perfume)",aloe wood (i.e. sticks),or (feminine) (only used thus in the plural); of foreign origin;
H175,"Aaron = ""light bringer""
1) brother of Moses, a Levite and the first high priest","Aharon, the brother of Moses",of uncertain derivation;
H176,"1) or, rather
1a) implying that the latter choice is preferred
1b) or if, introducing an example to be seen under a particular principle
1c) (in series) either...or, whether...or
1d) if perchance
1e) except, or else
2) whether, not the least, if, otherwise, also, and, then","desire (and so probably in Proverbs 31:4); hence (by way of alternative) or, also if",presumed to be the 'constructive' or genitival form of ; short for ;
H177,"Uel = ""wish or will of God""
1) a Judean who had taken a foreign woman during the exile","Uel, and Israelite",from and ; wish of God;
H178,"1) water skin bottle
2) necromancer
1b) necromancer, one who evokes the dead
1c) ghost, spirit of a dead one
1d) practice of necromancy
3) one that has a familiar spirit","properly, a mumble, i.e. a water skin (from its hollow sound); hence a necromancer (ventriloquist, as from a jar)",from the same as (apparently through the idea of prattling a father's name);
H179,"Obil = ""camel driver""
1) manager of David's camels","Obil, an Ishmaelite",probably from ; mournful;
H180,"1) stream, river",a stream,or (shortened) ; from (in the sense of );
H181,"1) brand, fire brand",a poker (for turning or gathering embers),from an unused root meaning to rake together;
H182,"1) cause
1a) cause, reason for
1b) the occasion of",turnings (i.e. occasions); (adverb) on account of,or (shortened) (only thus in the plural); from the same as ;
H183,"1) desire, incline, covet, wait longingly, wish, sigh, want, be greedy, prefer
1a) (Piel) to desire, crave (food and drink)
1b) (Hithpael) to desire, long for, lust after (of bodily appetites)",to wish for,a primitive root;
H184,"1) to sign, mark, describe with a mark
1a) (Hithpael) to measure, mark out, mark you out",to extend or mark out,a primitive root;
H185,"1) desire, lust, will (not necessarily evil)",longing,from ;
H186,"Uzai = ""I shall have my sprinklings""
1) a Judean, one of the repairers of Jerusalem's walls","Uzai, an Israelite","perhaps by permutation for , strong;"
H187,"Uzal = ""I shall be flooded""
1) sixth son Joktan","Uzal, a son of Joktan",of uncertain derivation;
H188,"1) woe! alas! oh!
1a) passionate cry of grief or despair",lamentation; also interjectionally Oh!,probably from (in the sense of crying out after);
H189,"Evi = ""my desire""
1) one of five chiefs of Midian","Evi, a Midianitish chief",probably from ; desirous;
H190,1) woe!,{lamentation; also interjectionally Oh!},feminine of
H191,"1) be foolish, foolish
1a) (subst)
1a1) of one who despises wisdom
1a2) of one who mocks when guilty
1a3) of one who is quarrelsome
1a4) of one who is licentious",(figuratively) silly,from an unused root (meaning to be perverse);
H192,"Evil Merodach = ""man of Merodach""
1) son and successor of Nebuchadnezzar, king of Neo-Babylonian empire, 562-560 BC","Evil-Merodak, a Babylonian king",of Aramaic derivation and probably meaning soldier of Merodak;
H193,"1) prominence
1a) body, belly (contemptuous)
1b) nobles, wealthy men",the body (as being rolled together); also powerful,"from an unused root meaning to twist, i.e. (by implication) be strong;"
H194,"1) perhaps, peradventure
2) if peradventure
3) unless
4) suppose",if not; hence perhaps,or (shortened) ; from ;
H195,"Ulai = ""my leaders (mighties)""
1) river of Elam","the Ulai (or Eulaeus), a river of Persia",of Persian derivation;
H196,1) foolish,"silly, foolish; hence (morally) impious",from ;
H197,"1) porch
1a) in Solomon's temple
1b) in Solomon's palace
1c) in temple of Ezekiel's vision",a vestibule (as bound to the building),"or (shortened), ; from (in the sense of tying);"
H198,"Ulam = ""their leader: vestibule""
1) a Manassite
2) a Benjamite of Saul's family","Ulam, the name of two Israelites","appar, from (in the sense of dumbness); solitary;"
H199,"1) but, but indeed (a strong adversative)
2) however, nevertheless",however or on the contrary,apparently a variation of ;
H200,"1) foolishness, folly",silliness,from the same as ;
